,title,year,min_players,max_players,avg_time,geek_age,community_age,avg_rating,no_ratings,complexity,comments,fans,views
0,Catan,1995,3,4,90,10,8,7.165,94171,2.33,17555,5088,3571351
1,Carcassonne,2000,2,5,37,7,8,7.419,94026,1.92,17450,5448,3373679
2,Pandemic,2008,2,4,45,8,10,7.619,93780,2.42,15474,6115,3571118
3,7 Wonders,2010,2,7,30,10,10,7.763,77889,2.33,13050,5250,3515971
4,Dominion,2008,2,4,30,13,10,7.63,73760,2.36,12845,6153,3957025
5,Ticket to Ride,2004,2,5,45,8,8,7.433,66606,1.86,11981,3097,2234052
6,Agricola,2007,1,5,90,12,12,7.965,60774,3.64,12337,5640,4560663
7,Codenames,2015,2,8,15,14,10,7.649,60624,1.3,8252,1501,1976574
8,Puerto Rico,2002,3,5,120,12,12,8.012,60272,3.28,11663,3621,3631081
9,Small World,2009,2,5,60,8,8,7.276,58174,2.36,9336,3593,2667843
10,King of Tokyo,2011,2,6,30,8,6,7.199,53806,1.49,9213,2725,1856109
11,Terraforming Mars,2016,1,5,120,12,12,8.427,53792,3.24,8057,4595,5074705
12,Power Grid,2004,2,6,120,12,12,7.871,53626,3.27,9987,2910,3035492
13,Ticket to Ride: Europe,2005,2,5,45,8,8,7.552,53428,1.95,8204,1927,1289531
14,Splendor,2014,2,4,30,10,8,7.457,52808,1.8,7878,2044,1807978
15,Love Letter,2012,2,4,20,10,8,7.237,51971,1.19,9321,1780,1628451
16,7 Wonders Duel,2015,2,[],30,10,10,8.105,51014,2.22,7141,2144,1773143
17,Scythe,2016,1,5,102,14,12,8.255,50263,3.39,7780,5315,5575669
18,Dixit,2008,3,6,30,8,8,7.272,46697,1.23,7603,1657,1649124
19,Citadels,2000,2,8,40,10,10,7.089,46348,2.05,9523,1533,1689225
20,Race for the Galaxy,2007,2,4,45,12,12,7.761,43770,2.98,9253,3217,2942031
21,Azul,2017,2,4,37,8,8,7.855,43233,1.78,5642,1730,1673910
22,Lords of Waterdeep,2012,2,5,90,12,10,7.757,42801,2.47,7311,3028,1959097
23,The Castles of Burgundy,2011,2,4,60,12,12,8.13,42225,3.0,7300,2254,2735683
24,Stone Age,2008,2,4,75,10,10,7.58,42048,2.48,7455,1917,1953793
25,Patchwork,2014,2,[],22,8,6,7.673,40637,1.65,5413,1099,1123668
26,Munchkin,2001,3,6,90,10,12,5.91,39267,1.8,7611,1945,1146227
27,Forbidden Island,2010,2,4,30,10,8,6.801,39056,1.74,7701,1621,1340582
28,Twilight Struggle,2005,2,[],150,13,14,8.305,37991,3.58,8352,3956,4611436
29,Pandemic Legacy: Season 1,2015,2,4,60,13,12,8.623,36960,2.83,5798,2562,3085111
30,Dead of Winter: A Crossroads Game,2014,2,5,90,13,12,7.609,36906,3.01,5267,2816,2344206
31,Terra Mystica,2012,2,5,105,12,12,8.161,36367,3.95,5510,2967,3709334
32,Bohnanza,1997,2,7,45,13,8,7.038,36294,1.67,8247,763,1143335
33,Hanabi,2010,2,5,25,8,10,7.11,35879,1.69,6232,915,1096434
34,Arkham Horror,2005,1,8,180,14,14,7.269,35826,3.57,8340,4898,3441354
35,Gloomhaven,2017,1,4,90,12,14,8.831,34882,3.83,6557,6244,9440986
36,Lost Cities,1999,2,[],30,10,8,7.168,34826,1.5,8518,808,1366867
37,Betrayal at House on the Hill,2004,3,6,60,12,12,7.068,34331,2.38,7444,2270,2249761
38,The Resistance,2009,5,10,30,13,12,7.302,34292,1.61,5944,1484,1587868
39,Coup,2012,2,6,15,13,10,7.019,33115,1.41,5934,1098,1522106
40,Star Realms,2014,2,[],20,12,8,7.593,33038,1.95,5396,1804,1320421
41,Jaipur,2009,2,[],30,12,8,7.513,33025,1.5,5688,1001,1056231
42,Takenoko,2011,2,4,45,8,8,7.285,32024,1.98,4897,1445,1177764
43,Battlestar Galactica: The Board Game,2008,3,6,150,14,14,7.741,31633,3.24,6504,3139,2265463
44,Sushi Go!,2013,2,5,15,8,6,7.057,31030,1.16,4868,736,865697
45,Robinson Crusoe: Adventures on the Cursed Island,2012,1,4,90,14,12,7.867,30827,3.77,5274,2914,3277566
46,Magic: The Gathering,1993,2,[],20,13,12,7.503,30548,3.2,6713,1745,953682
47,Blood Rage,2015,2,4,75,14,12,8.006,30441,2.88,4676,2224,2567269
48,Five Tribes,2014,2,4,60,13,12,7.777,29478,2.85,4590,1282,1344275
49,Dominion: Intrigue,2009,2,4,30,13,10,7.731,28869,2.43,4040,1044,1014573
50,Wingspan,2019,1,5,55,10,10,8.124,28483,2.38,4233,2311,1549742
51,Mysterium,2015,2,7,42,10,8,7.34,28478,1.91,4060,977,1232670
52,Risk,1959,2,6,120,10,8,5.583,28420,2.09,6695,649,1347753
53,Tzolk'in: The Mayan Calendar,2012,2,4,90,13,12,7.91,27863,3.66,4265,1369,1526369
54,Galaxy Trucker,2007,2,4,60,10,10,7.42,27806,2.33,5674,1141,1313175
55,Hive,2000,2,[],20,9,8,7.32,27427,2.33,6073,1173,1255862
56,Sheriff of Nottingham,2014,3,5,60,14,8,7.164,27370,1.65,4254,825,1057095
57,Alhambra,2003,2,6,52,8,8,7.024,27052,2.11,6181,632,1127661
58,Eldritch Horror,2013,1,8,180,14,14,7.827,27005,3.32,4325,3193,2877589
59,A Game of Thrones: The Board Game (Second Edition),2011,3,6,180,14,14,7.626,26851,3.71,3957,2475,2153925
60,Kingdomino,2016,2,4,17,8,6,7.363,26749,1.21,3994,759,886132
61,Chess,1475,2,[],60,6,6,7.107,26467,3.71,6216,828,450767
62,Caverna: The Cave Farmers,2013,1,7,120,12,12,8.038,26249,3.78,4298,1701,2163105
63,Monopoly,1933,2,8,120,8,8,4.36,26067,1.66,6083,349,911445
64,Mage Knight Board Game,2011,1,4,150,14,14,8.099,26053,4.3,5351,3821,4047578
65,Cosmic Encounter,2008,3,5,90,12,12,7.544,25937,2.57,5426,1819,1862705
66,Caylus,2005,2,5,105,12,12,7.791,25863,3.81,6023,1145,1944805
67,Android: Netrunner,2012,2,[],45,14,12,7.88,25724,3.38,5320,3849,4263603
68,The Resistance: Avalon,2012,5,10,30,13,12,7.596,25308,1.77,3804,1047,1302555
69,Eclipse,2011,2,6,120,14,12,7.913,25289,3.7,4634,2817,3257175
70,BANG!,2002,4,7,30,10,10,6.514,25137,1.64,5685,744,1446170
71,Le Havre,2008,1,5,90,12,12,7.875,25004,3.75,4986,1472,1940887
72,Great Western Trail,2016,2,4,112,12,12,8.285,24994,3.7,3352,1285,1997767
73,Scrabble,1948,2,4,90,10,10,6.279,24973,2.1,5794,414,583324
74,Shadows over Camelot,2005,3,7,70,10,10,7.123,24653,2.57,5816,964,1365919
75,Concordia,2013,2,5,100,13,12,8.114,24609,3.04,4093,1154,1695859
76,Memoir '44,2004,2,8,45,8,8,7.557,24364,2.27,6249,1800,2121135
77,Tigris & Euphrates,1997,2,4,90,12,12,7.699,24361,3.51,6350,951,1792716
78,Roll for the Galaxy,2014,2,5,45,13,12,7.691,24127,2.77,3741,1054,1380179
79,Machi Koro,2012,2,4,30,10,8,6.635,24060,1.54,4284,689,1085220
80,Viticulture Essential Edition,2015,1,6,67,13,12,8.104,23933,2.92,3383,1228,1143586
81,Saboteur,2004,3,10,30,8,8,6.583,23651,1.33,4389,569,962956
82,Forbidden Desert,2013,2,5,45,10,8,7.165,23635,2.05,4026,829,786531
83,Arkham Horror: The Card Game,2016,1,2,90,14,14,8.193,23526,3.39,3746,2816,4556104
84,Clank!: A Deck-Building Adventure,2016,2,4,45,12,8,7.807,23364,2.21,3306,1194,1495927
85,Santorini,2016,2,4,20,8,6,7.544,23309,1.73,3801,934,1240890
86,Istanbul,2014,2,5,50,10,10,7.594,23072,2.58,3451,763,974160
87,El Grande,1995,2,5,90,12,12,7.761,22555,3.06,5111,753,1402068
88,Smash Up,2012,2,4,45,12,10,6.771,22394,2.06,3834,1316,1096654
89,Star Wars: X-Wing Miniatures Game,2012,2,[],37,14,10,7.714,22183,2.48,3738,3307,3061764
90,Colt Express,2014,2,6,35,10,8,7.146,22120,1.82,3444,635,822358
91,For Sale,1997,3,6,30,10,8,7.22,22018,1.27,5575,387,868411
92,T.I.M.E Stories,2015,2,4,90,12,14,7.624,22005,2.6,3344,1367,1968421
93,Tsuro,2004,2,8,17,8,6,6.677,21934,1.24,4591,720,709298
94,RoboRally,1994,2,8,82,12,10,7.089,21931,2.43,5395,821,949637
95,Cards Against Humanity,2009,4,30,30,17,16,5.965,21697,1.21,4304,903,639404
96,Blokus,2000,2,4,20,5,6,6.891,21612,1.78,4933,379,643613
97,San Juan,2004,2,4,52,10,10,7.262,21609,2.29,5469,480,951067
98,Descent: Journeys in the Dark (Second Edition),2012,1,5,120,14,12,7.703,21473,3.2,3637,3002,3336664
99,Mansions of Madness: Second Edition,2016,1,5,150,14,12,8.092,21451,2.69,2984,1850,2423856
100,Camel Up,2014,2,8,25,8,8,7.053,21275,1.49,3340,487,703823
101,Sagrada,2017,1,4,37,14,8,7.533,21171,1.92,3164,805,872506
102,Elder Sign,2011,1,8,90,13,12,6.989,21000,2.35,4265,1626,1281800
103,Castles of Mad King Ludwig,2014,1,4,90,13,10,7.584,20793,2.65,3553,812,1065697
104,Suburbia,2012,1,4,90,8,10,7.54,20579,2.77,3685,871,1177460
105,Star Wars: Rebellion,2016,2,4,210,14,12,8.422,20212,3.69,3205,1945,3065932
106,Through the Ages: A New Story of Civilization,2015,2,4,120,14,14,8.469,19941,4.4,2946,1408,2571361
107,Flash Point: Fire Rescue,2011,2,6,45,10,8,7.214,19796,2.21,3950,1077,1142372
108,Imperial Settlers,2014,1,4,67,10,10,7.44,19632,2.77,3183,1137,1334393
109,The Lord of the Rings: The Card Game,2011,1,2,45,13,12,7.636,19629,3.17,4078,3130,3504403
110,One Night Ultimate Werewolf,2014,3,10,10,8,10,7.163,19625,1.4,3357,707,996619
111,Orléans,2014,2,4,90,12,12,8.085,19373,3.05,2985,919,1365406
112,Seasons,2012,2,4,60,14,12,7.42,19318,2.78,3208,972,1028190
113,No Thanks!,2004,3,7,20,8,8,7.056,19130,1.14,4719,302,596019
114,UNO,1971,2,10,30,6,5,5.379,19096,1.12,3875,270,410272
115,Village,2011,2,4,75,12,12,7.535,19084,3.07,3155,739,1053625
116,Survive: Escape from Atlantis!,1982,2,4,52,8,8,7.302,18991,1.71,4285,740,1008672
117,Star Wars: Imperial Assault,2014,2,5,90,14,12,8.04,18933,3.3,2884,2609,3104989
118,Carcassonne: Expansion 1 – Inns & Cathedrals,2002,2,6,60,8,8,7.614,18916,1.93,4451,367,449875
119,Spirit Island,2017,1,4,105,13,14,8.321,18898,3.96,3324,1862,2253871
120,Guillotine,1998,2,5,30,12,10,6.535,18740,1.27,4523,463,564648
121,Tokaido,2012,2,5,45,8,8,7.012,18715,1.75,3247,828,1089994
122,Legendary: A Marvel Deck Building Game,2012,1,5,45,14,10,7.59,18714,2.44,3360,2356,2810930
123,Ghost Stories,2008,1,4,60,12,12,7.337,18613,2.91,4130,1067,1317594
124,"Hey, That's My Fish!",2003,2,4,20,8,6,6.717,18605,1.46,4902,306,620632
125,Sushi Go Party!,2016,2,8,20,8,8,7.48,18578,1.32,2724,513,648647
126,Isle of Skye: From Chieftain to King,2015,2,5,40,8,8,7.446,18449,2.24,2791,501,838081
127,Ra,1999,2,5,52,12,10,7.467,18431,2.35,4995,466,1137050
128,BANG! The Dice Game,2013,3,8,15,8,8,6.97,18257,1.28,3403,424,533574
129,6 nimmt!,1994,2,10,45,8,8,6.905,18241,1.22,4287,264,584827
130,Exploding Kittens,2015,2,5,15,7,8,6.0,18115,1.07,3114,551,518757
131,Kingdom Builder,2011,2,4,45,8,8,6.972,18094,2.07,3643,622,1054391
132,The Voyages of Marco Polo,2015,2,4,70,12,12,7.912,18057,3.19,2650,830,1174084
133,Kingsburg,2007,2,5,90,13,10,7.201,17888,2.43,3815,598,949910
134,Twilight Imperium (Third Edition),2005,3,6,210,14,14,7.851,17861,4.25,4269,2086,2430064
135,Acquire,1964,2,6,90,12,12,7.345,17707,2.51,5639,620,1101675
136,Keyflower,2012,2,6,105,12,12,7.83,17627,3.35,3178,813,1304467
137,Through the Ages: A Story of Civilization,2006,2,4,120,12,14,7.956,17532,4.17,3938,1466,2496613
138,Brass: Lancashire,2007,2,4,90,14,14,8.154,17522,3.86,4064,1495,1988165
139,Thurn and Taxis,2006,2,4,60,10,10,7.106,17347,2.26,3947,377,727028
140,Tikal,1999,2,4,90,10,10,7.343,17199,2.8,4049,467,904780
141,Spyfall,2014,3,8,15,13,12,6.922,17105,1.25,2791,349,945842
142,Troyes,2010,2,4,90,12,12,7.764,17090,3.46,3353,955,1280971
143,Coloretto,2003,2,5,30,8,6,6.969,17074,1.28,4330,249,537382
144,Dominant Species,2010,2,6,180,14,14,7.848,17063,4.04,3818,1197,1572649
145,Root,2018,2,4,75,10,12,8.068,17037,3.62,2876,1857,2172137
146,Apples to Apples,1999,4,10,30,12,8,5.83,17033,1.16,5019,293,860111
147,Alchemists,2014,2,4,120,13,12,7.684,16834,3.89,2615,841,1026168
148,Cyclades,2009,2,5,75,13,12,7.52,16833,2.83,3156,992,1241731
149,Clue,1949,3,6,45,8,8,5.664,16450,1.66,4204,322,1022489
150,Formula D,2008,2,10,60,8,8,7.028,16296,1.97,2985,754,987611
151,Century: Spice Road,2017,2,5,37,8,8,7.374,16286,1.77,2528,480,746784
152,Catan: Cities & Knights,1998,3,4,90,12,12,7.458,16257,2.9,3870,488,586764
153,Diamant,2005,3,8,30,8,6,6.824,15947,1.11,5029,140,525616
154,The Pillars of the Earth,2006,2,4,105,12,12,7.295,15777,2.82,3485,489,957287
155,Mice and Mystics,2012,1,4,75,7,8,7.332,15721,2.69,3277,1826,1783050
156,Modern Art,1992,3,5,45,10,10,7.385,15667,2.31,4248,334,895254
157,Zombicide,2012,1,6,60,14,10,7.176,15644,2.55,2512,2094,1693484
158,Sherlock Holmes Consulting Detective: The Thames Murders & Other Cases,1981,1,8,90,13,14,7.762,15511,2.69,3045,845,1457943
159,Secret Hitler,2016,5,10,45,13,14,7.575,15504,1.7,2538,657,1074554
160,Zombie Dice,2010,2,99,15,10,6,6.217,15443,1.1,3165,624,366576
161,Catan: Seafarers,1997,3,4,90,10,10,7.154,15419,2.41,3336,364,450864
162,Pandemic: On the Brink,2009,2,5,45,8,10,8.079,15399,2.65,3414,771,884882
163,Codenames: Pictures,2016,2,8,15,10,8,7.289,15299,1.25,2238,216,390474
164,Dixit: Odyssey,2011,3,12,30,8,8,7.463,15265,1.2,1970,385,528826
165,Jamaica,2007,2,6,45,8,8,7.057,15232,1.65,3172,532,758628
166,Fluxx,1997,2,6,17,8,8,5.679,15203,1.39,3943,446,447256
167,The Mind,2018,2,4,15,8,8,6.971,15157,1.07,2331,338,562215
168,Ingenious,2004,1,4,45,10,8,7.13,15115,1.92,3900,307,702009
169,Kemet,2012,2,5,105,13,12,7.726,15105,3.01,2577,803,1288079
170,Battle Line,2000,2,[],30,12,8,7.415,15041,1.91,4555,459,916768
171,Friday,2011,1,[],25,13,10,7.166,14954,2.13,3327,729,676146
172,Qwirkle,2006,2,4,45,6,6,6.786,14935,1.64,3173,336,636428
173,Escape: The Curse of the Temple,2012,1,5,10,8,8,7.005,14891,1.48,3242,614,932489
174,Carcassonne: Expansion 2 – Traders & Builders,2003,2,6,60,13,8,7.601,14836,2.07,3509,274,358813
175,A Feast for Odin,2016,1,4,75,12,12,8.182,14688,3.84,2331,945,1541179
176,Captain Sonar,2016,2,8,52,14,12,7.591,14546,2.13,2437,443,903949
177,The Quacks of Quedlinburg,2018,2,4,45,10,8,7.783,14539,1.95,2210,609,705052
178,Mr. Jack,2006,2,[],30,9,10,7.029,14452,2.19,3287,377,764964
179,The Princes of Florence,2000,2,5,87,12,12,7.537,14381,3.25,3829,309,950583
180,Space Alert,2008,1,5,30,12,12,7.451,14308,2.96,3284,888,1311895
181,Samurai,1998,2,4,45,10,10,7.443,14205,2.49,3665,367,1004949
182,Deception: Murder in Hong Kong,2014,4,12,20,14,12,7.509,14180,1.6,2486,455,789568
183,Photosynthesis,2017,2,4,45,10,10,7.174,14177,2.28,2198,572,782508
184,The 7th Continent,2017,1,4,502,14,10,8.299,14159,2.86,3225,3343,3566357
185,Biblios,2007,2,4,30,10,8,7.198,14150,1.68,3488,405,673597
186,Sentinels of the Multiverse,2011,2,5,45,8,10,7.25,14139,2.5,3321,1446,1390020
187,Zombies!!!,2001,2,6,75,15,12,5.817,14086,1.62,3863,766,924183
188,Go,-2200,2,[],105,8,6,7.636,14067,3.99,3558,888,691208
189,Catan: 5-6 Player Extension,1996,5,6,120,10,10,6.987,14033,2.32,3197,224,321981
190,Sid Meier's Civilization: The Board Game,2010,2,4,180,13,14,7.424,13983,3.88,2535,1173,1507069
191,Tiny Epic Galaxies,2015,1,5,37,14,10,7.383,13977,2.16,2556,1243,784634
192,Concept,2013,4,12,40,10,10,6.851,13963,1.41,2193,254,432921
193,Innovation,2010,2,4,52,12,12,7.242,13949,2.73,3462,685,1052791
194,Dominion: Seaside,2009,2,4,30,13,10,8.05,13938,2.5,2554,553,554515
195,Saint Petersburg,2004,2,4,52,10,10,7.309,13907,2.47,3317,343,673834
196,Trajan,2011,2,4,90,12,12,7.773,13870,3.65,2568,787,1006930
197,Rising Sun,2018,3,5,105,14,14,7.917,13848,3.27,2487,1394,2089216
198,Chaos in the Old World,2009,3,4,90,13,14,7.673,13837,3.19,2888,1169,1402904
199,Lord of the Rings,2000,2,5,75,12,10,6.752,13730,2.56,4207,488,1082896
200,Alien Frontiers,2010,2,4,90,13,10,7.43,13700,2.58,3423,953,1173761
201,Russian Railroads,2013,2,4,105,12,12,7.779,13618,3.42,2145,537,807790
202,Castle Panic,2009,1,6,60,10,6,6.665,13610,1.67,3344,678,711218
203,Magic Maze,2017,1,8,15,8,8,7.097,13607,1.73,1977,294,535857
204,Legends of Andor,2012,2,4,75,10,10,7.221,13529,2.76,2435,898,1197569
205,Zooloretto,2007,2,5,45,8,6,6.842,13478,1.86,3350,241,604281
206,Scotland Yard,1983,3,6,45,10,8,6.509,13471,1.96,3278,301,682047
207,Gaia Project,2017,1,4,105,12,14,8.498,13380,4.33,1931,1128,1741053
208,Last Night on Earth: The Zombie Game,2007,2,6,75,12,12,6.953,13327,2.29,3256,1376,1494288
209,King of New York,2014,2,6,40,10,8,6.984,13236,1.86,2113,459,552681
210,Stratego,1946,2,[],45,8,8,6.081,13040,1.85,3258,270,513810
211,Onitama,2014,2,[],17,8,8,7.429,13023,1.67,2289,441,599014
212,Raiders of the North Sea,2015,2,4,70,12,10,7.801,13020,2.53,2046,992,881252
213,Gloom,2005,2,4,60,13,10,6.347,12927,1.64,2820,654,598474
214,Letters from Whitechapel,2011,2,6,60,14,12,7.41,12919,2.66,2306,720,903290
215,7 Wonders: Leaders,2011,2,7,40,13,10,7.831,12871,2.28,2677,321,432132
216,Dominion: Prosperity,2010,2,4,30,13,10,8.263,12864,2.49,2313,477,555074
217,Quarriors!,2011,2,4,30,14,8,6.767,12862,1.97,2800,894,807057
218,Mechs vs. Minions,2016,2,4,75,14,10,8.077,12842,2.42,2065,879,1609827
219,Boss Monster: The Dungeon Building Card Game,2013,2,4,30,13,8,6.299,12834,1.82,2369,673,651249
220,Tichu,1991,4,[],60,10,12,7.582,12795,2.34,3267,523,822315
221,Wits & Wagers,2005,3,7,25,10,8,6.942,12754,1.22,3168,238,691415
222,Brass: Birmingham,2018,2,4,90,14,14,8.636,12725,3.93,2118,1056,1119632
223,Neuroshima Hex! 3.0,2006,1,4,30,13,10,7.409,12704,2.61,2779,849,920484
224,Welcome To...,2018,1,100,25,10,10,7.651,12702,1.83,1820,545,658723
225,Catan Card Game,1996,2,[],90,10,12,6.726,12624,2.45,3165,213,480176
226,Glory to Rome,2005,2,5,60,12,12,7.484,12614,2.93,3413,673,1320463
227,Dungeon Lords,2009,2,4,90,12,12,7.4,12535,3.55,2687,755,1200558
228,Architects of the West Kingdom,2018,1,5,70,12,10,7.854,12480,2.77,1978,849,816766
229,Evolution,2014,2,6,60,12,10,7.167,12449,2.43,2339,636,951084
230,Talisman (Revised 4th Edition),2007,2,6,90,13,8,6.526,12438,2.19,2695,1315,1360876
231,Mansions of Madness,2011,2,5,150,13,14,7.303,12430,3.25,2307,1685,1530236
232,Shogun,2006,3,5,105,12,12,7.547,12424,3.37,2579,490,1162648
233,Clans of Caledonia,2017,1,4,75,12,12,8.026,12349,3.44,1974,789,1079889
234,Through the Desert,1998,2,5,45,10,8,7.065,12321,2.21,3841,216,613313
235,Skull,2011,3,6,30,10,8,7.199,12316,1.14,2161,272,539977
236,Food Chain Magnate,2015,2,5,180,14,14,8.161,12219,4.19,2230,839,1534901
237,Dice Forge,2017,2,4,45,10,8,7.303,12199,1.95,1808,466,658969
238,Merchants & Marauders,2010,2,4,180,13,12,7.426,12194,3.23,2778,1105,1392425
239,Everdell,2018,1,4,60,13,10,8.048,12008,2.81,2147,1475,1162411
240,Lewis & Clark,2013,1,5,120,14,12,7.503,11958,3.35,2197,515,822408
241,Dungeon Petz,2011,2,4,90,13,12,7.49,11938,3.59,2334,533,782165
242,Perudo,1800,2,6,22,8,8,6.912,11937,1.26,3509,192,642105
243,Can't Stop,1980,2,4,30,9,6,6.852,11936,1.16,3445,220,517127
244,War of the Ring: Second Edition,2012,2,4,165,13,14,8.463,11927,4.09,2249,1430,2121532
245,Notre Dame,2007,2,5,60,10,10,7.352,11832,2.75,2852,262,635545
246,Libertalia,2012,2,6,50,14,10,7.184,11801,2.23,2040,410,652305
247,Rummikub,1977,2,4,60,8,8,6.361,11788,1.76,2472,185,406687
248,Ca$h 'n Guns (Second Edition),2014,4,8,30,10,8,6.917,11769,1.26,2003,230,408297
249,Space Hulk: Death Angel – The Card Game,2010,1,6,45,13,12,6.99,11758,2.41,2935,994,856203
250,Agricola: All Creatures Big and Small,2012,2,[],30,13,10,7.397,11754,2.34,2586,428,693708
251,Above and Below,2015,2,4,90,13,10,7.463,11696,2.54,2329,756,845555
252,Pathfinder Adventure Card Game: Rise of the Runelords – Base Set,2013,1,4,90,13,10,7.233,11693,2.71,2510,1707,1760355
253,Diplomacy,1959,2,7,360,12,14,7.052,11674,3.36,4129,635,1025451
254,Targi,2012,2,[],60,12,10,7.633,11669,2.35,2073,390,615042
255,Telestrations,2009,4,8,30,12,8,7.411,11576,1.09,2052,251,540168
256,Red7,2014,2,4,17,9,8,6.946,11494,1.7,1993,224,347316
257,Port Royal,2014,2,5,35,8,8,7.143,11462,1.61,1920,312,482895
258,Champions of Midgard,2015,2,4,75,10,10,7.784,11448,2.6,2157,634,808080
259,Zombicide: Black Plague,2015,1,6,120,14,10,7.698,11445,2.53,1816,1322,1368875
260,Fresco,2010,2,4,60,10,10,7.298,11328,2.64,2379,366,700154
261,Spot it!,2009,2,8,15,7,4,6.652,11291,1.03,2122,175,378908
262,The Grizzled,2015,2,5,30,14,10,7.221,11254,1.93,2130,384,551007
263,Roll Through the Ages: The Bronze Age,2008,1,4,37,8,8,6.881,11249,1.78,2795,279,600208
264,Ascension: Deckbuilding Game,2010,1,4,30,13,10,7.031,11240,2.15,2815,810,813493
265,Tales of the Arabian Nights,2009,1,6,120,12,12,7.206,11185,2.16,2830,774,952421
266,Codenames: Duet,2017,2,4,22,11,12,7.612,11170,1.33,1748,228,338704
267,Descent: Journeys in the Dark,2005,2,5,180,13,12,7.304,11156,3.34,2896,1066,1759868
268,Potion Explosion,2015,2,4,37,8,8,7.176,11059,1.73,1745,345,376084
269,Backgammon,-3000,2,[],30,8,8,6.533,11000,2.02,2924,285,277078
270,Hansa Teutonica,2009,2,5,67,12,12,7.644,10959,3.12,2377,503,847861
271,Arboretum,2015,2,4,30,8,10,7.413,10914,2.15,2388,349,546237
272,Crokinole,1876,2,4,30,8,6,7.856,10897,1.26,2532,486,866661
273,That's Pretty Clever,2018,1,4,30,8,8,7.657,10867,1.91,1687,316,441155
274,Inis,2016,2,4,75,14,12,7.789,10862,2.89,1880,645,1074229
275,Yahtzee,1956,2,10,30,6,6,5.368,10834,1.19,2908,128,577661
276,Ticket to Ride: Nordic Countries,2007,2,3,45,8,8,7.645,10818,1.98,2121,326,471942
277,Welcome to the Dungeon,2013,2,4,30,10,8,6.631,10794,1.21,1851,228,451787
278,Railways of the World,2005,2,6,120,10,12,7.692,10787,3.03,3152,397,1186020
279,Goa,2004,2,4,90,12,12,7.592,10777,3.38,2993,262,887383
280,Lords of Waterdeep: Scoundrels of Skullport,2013,2,6,60,12,12,8.221,10749,2.65,2070,544,468082
281,Nations,2013,1,5,120,14,14,7.654,10693,3.54,2033,577,1101425
282,Jungle Speed,1997,2,8,10,7,6,6.515,10668,1.14,2138,210,489591
283,Jenga,1983,1,8,20,6,5,5.594,10641,1.12,2285,107,250644
284,Twilight Imperium (Fourth Edition),2017,3,6,360,14,14,8.689,10620,4.22,1686,1325,1717560
285,Carcassonne: Hunters and Gatherers,2002,2,5,35,8,8,7.134,10609,1.92,3009,206,453684
286,Roll Player,2016,1,4,75,10,10,7.519,10574,2.38,1758,781,570946
287,Chronicles of Crime,2018,1,4,75,14,12,7.891,10552,2.12,1868,963,528113
288,Grand Austria Hotel,2015,2,4,90,12,12,7.791,10520,3.23,1831,426,631308
289,Hero Realms,2016,2,4,25,12,8,7.623,10465,1.91,1649,1006,606917
290,HeroQuest,1989,2,5,90,10,8,7.125,10413,2.16,2813,1122,1221334
291,Legendary Encounters: An Alien Deck Building Game,2014,1,5,45,17,14,7.78,10396,2.7,1902,1015,974179
292,Imhotep,2016,2,4,40,10,10,7.21,10351,2.01,1756,289,569716
293,In the Year of the Dragon,2007,2,5,87,12,12,7.369,10309,3.11,2456,281,623428
294,Charterstone,2017,1,6,60,14,10,7.47,10261,2.81,2025,952,1327058
295,SET,1988,1,20,30,6,6,6.485,10254,1.69,2403,194,296194
296,Fury of Dracula (Third/Fourth Edition),2015,2,5,150,14,12,7.531,10223,3.2,1896,544,873275
297,Quadropolis,2016,2,4,45,8,8,7.31,10141,2.21,1607,293,537946
298,Summoner Wars: Master Set,2011,2,4,45,9,10,7.531,10110,2.51,1888,710,681584
299,Mombasa,2015,2,4,112,12,14,7.908,10091,3.91,1530,380,731459
300,Tobago,2009,2,4,60,10,8,7.122,10061,2.12,2322,409,589817
301,Axis & Allies,1981,2,5,180,12,12,6.56,10028,3.04,3131,440,1014507
302,A Game of Thrones,2003,3,5,180,12,14,7.223,10018,3.45,2633,463,1080282
303,Flamme Rouge,2016,2,4,37,8,8,7.561,10013,1.66,1592,527,707148
304,Pandemic Legacy: Season 2,2017,2,4,60,14,12,8.183,9962,3.25,1650,503,871452
305,Firefly: The Game,2013,1,4,180,13,12,7.39,9951,2.95,2192,1429,1187386
306,Blood Bowl: Team Manager – The Card Game,2011,2,4,90,14,12,7.383,9950,2.33,1900,725,587478
307,King of Tokyo: Power Up!,2012,2,6,30,8,8,7.635,9914,1.69,2146,299,329339
308,Thunderstone,2009,1,5,60,12,12,6.948,9902,2.5,2230,685,958724
309,Bärenpark,2017,2,4,37,8,6,7.36,9858,1.66,1552,271,393324
310,Taboo,1989,4,10,20,12,10,6.287,9799,1.22,2047,125,444287
311,The Game of Life,1960,2,6,60,8,6–1,4.284,9796,1.18,2538,202,5367369
312,Ticket to Ride: USA 1910,2006,2,5,45,8,8,8.006,9746,1.91,2788,257,311145
313,War of the Ring,2004,2,4,120,12,14,7.772,9726,3.84,2929,765,1991814
314,Age of Empires III: The Age of Discovery,2007,2,5,105,10,12,7.549,9695,3.13,2582,423,1095821
315,Bruges,2013,2,4,60,10,10,7.44,9681,2.76,1965,394,642344
316,Labyrinth,1986,2,4,20,8,6,6.397,9662,1.38,2659,229,472517
317,Carcassonne: The River,2001,2,5,37,8,6,6.99,9624,1.71,2489,118,245547
318,Teotihuacan: City of Gods,2018,1,4,105,12,12,7.96,9614,3.74,1506,624,876742
319,Ca$h 'n Gun$,2005,4,6,30,10,10,6.595,9593,1.27,2585,193,542859
320,Anachrony,2017,1,4,75,15,14,8.082,9567,3.97,1833,2242,1123468
321,Harry Potter: Hogwarts Battle,2016,2,4,45,11,8,7.481,9485,2.08,1823,601,1023183
322,Dinosaur Island,2017,1,4,105,8,10,7.772,9416,3.0,1904,723,922809
323,Viticulture,2013,2,6,90,13,12,7.616,9407,2.94,1523,584,766096
324,Ora et Labora,2011,1,4,120,13,12,7.703,9335,3.9,1777,468,920282
325,Small World Underground,2011,2,5,60,8,8,7.284,9326,2.59,1368,387,414440
326,Race for the Galaxy: The Gathering Storm,2008,1,5,60,12,12,8.089,9315,2.99,2559,362,550435
327,7 Wonders: Cities,2012,2,8,40,10,10,7.849,9296,2.35,1869,282,471637
328,The Werewolves of Miller's Hollow,2001,8,18,30,10,10,6.759,9288,1.32,1777,266,508060
329,Steam,2009,3,5,90,10,12,7.611,9285,3.46,2140,406,1106653
330,PitchCar,1995,2,8,30,6,5,7.251,9225,1.13,2527,225,572452
331,Deep Sea Adventure,2014,2,6,30,8,8,7.036,9125,1.18,1730,293,372398
332,Eminent Domain,2011,2,4,45,10,10,7.072,9115,2.5,2280,525,804841
333,At the Gates of Loyang,2009,1,4,90,10,12,7.385,9087,3.14,2438,384,758721
334,BattleLore,2006,2,[],60,10,10,7.368,9025,2.76,2830,569,1436717
335,Decrypto,2018,3,8,30,12,10,7.792,8951,1.8,1299,253,320172
336,Abyss,2014,2,4,45,14,12,7.323,8930,2.34,1644,475,571933
337,Thebes,2007,2,4,60,8,8,7.143,8926,2.16,2564,238,550525
338,Endeavor,2009,3,5,90,12,12,7.416,8911,2.91,2027,377,815799
339,Between Two Cities,2015,1,7,25,8,8,7.039,8903,1.82,1833,374,443063
340,Discworld: Ankh-Morpork,2011,2,4,60,11,10,7.223,8861,2.21,1769,621,644773
341,Lanterns: The Harvest Festival,2015,2,4,30,8,8,6.93,8852,1.57,1649,460,354988
342,Fury of Dracula (Second Edition),2005,2,5,180,10,12,7.137,8847,2.95,2379,520,800671
343,The Manhattan Project,2012,2,5,120,13,12,7.386,8831,2.96,1826,404,607905
344,Hanamikoji,2013,2,[],15,10,8,7.55,8791,1.71,1606,321,394429
345,Pandemic: The Cure,2014,2,5,30,8,8,7.316,8770,2.05,1634,317,458137
346,The Quest for El Dorado,2017,2,4,45,10,8,7.573,8749,1.95,1542,300,560406
347,Poker,1810,2,10,60,12,14,6.706,8733,2.45,1999,169,153993
348,Bora Bora,2013,2,4,90,12,14,7.562,8729,3.74,1906,374,655173
349,Euphoria: Build a Better Dystopia,2013,2,6,60,13,12,7.266,8726,3.1,1788,701,668157
350,Mascarade,2013,2,13,30,10,10,6.635,8706,1.52,1675,257,471395
351,Arcadia Quest,2014,2,4,60,13,10,7.758,8622,2.53,1610,965,1125961
352,Last Will,2011,2,5,60,14,12,7.198,8613,2.7,1734,257,462581
353,Ethnos,2017,2,6,52,14,10,7.491,8584,2.01,1508,256,501737
354,Las Vegas,2012,2,5,30,8,8,7.124,8560,1.19,1729,172,342503
355,Glass Road,2013,1,4,50,13,12,7.451,8557,2.97,1821,316,598898
356,Ticket to Ride: Märklin,2006,2,5,45,8,8,7.409,8544,2.24,2085,177,386804
357,The Gallerist,2015,1,4,105,13,14,8.022,8511,4.29,1569,692,835681
358,Pickomino,2005,2,7,20,8,6,6.548,8502,1.15,2083,109,305201
359,K2,2010,1,5,45,8,10,7.086,8486,2.26,1634,324,523433
360,Glen More,2010,2,5,57,10,12,7.331,8431,2.68,1957,311,577328
361,Torres,1999,2,4,60,12,10,7.138,8379,2.87,2335,154,564038
362,Carcassonne: Expansion 3 – The Princess & The Dragon,2005,2,6,60,13,8,6.75,8370,2.0,2029,158,286382
363,Amun-Re,2003,3,5,90,12,12,7.328,8364,3.04,2651,153,555500
364,Nexus Ops,2005,2,4,90,12,10,7.222,8314,2.23,2972,330,731400
365,Qwixx,2012,2,5,15,8,8,6.888,8296,1.12,1580,149,346266
366,Fairy Tale,2004,2,5,30,10,10,6.737,8291,1.77,2638,199,576726
367,Colosseum,2007,3,5,75,10,10,7.218,8259,2.75,2248,249,595841
368,1960: The Making of the President,2007,2,[],105,12,14,7.597,8238,3.2,2705,408,745302
369,Age of Steam,2002,1,6,120,13,14,7.752,8235,3.92,2607,387,1149763
370,Paperback,2014,2,5,45,8,10,7.212,8228,1.98,1852,343,445981
371,Cranium,1998,4,16,60,13,10,5.684,8216,1.43,2121,101,349380
372,Mission: Red Planet (Second Edition),2015,2,6,67,14,10,7.479,8191,2.2,1331,292,445456
373,Condottiere,1995,2,6,45,14,10,6.814,8186,1.96,2324,205,503296
374,KeyForge: Call of the Archons,2018,2,[],30,14,10,7.406,8180,2.44,1365,588,774776
375,Oh My Goods!,2015,2,4,30,10,10,7.02,8167,2.28,1458,237,415034
376,Dungeons & Dragons: Castle Ravenloft Board Game,2010,1,5,60,12,10,6.972,8158,2.51,2044,1147,1216449
377,Nemesis,2018,1,5,135,12,12,8.466,8102,3.32,1733,1838,1412237
378,Imperial,2006,2,6,150,13,12,7.615,8101,3.57,2183,370,843219
379,Tapestry,2019,1,5,105,12,12,7.493,8057,2.86,1590,1015,994037
380,Loopin' Louie,1992,2,4,10,4,4,6.797,8050,1.05,2297,140,449061
381,Aeon's End,2016,1,4,60,14,12,8.016,8029,2.79,1632,1115,927049
382,Elysium,2015,2,4,60,14,12,7.243,8026,2.75,1498,334,623616
383,Monopoly Deal Card Game,2008,2,5,15,8,8,6.268,7961,1.33,1960,238,345186
384,Pit,1903,3,8,60,7,8,6.388,7944,1.16,2449,143,331058
385,Mystic Vale,2016,2,4,45,14,10,7.299,7923,2.27,1515,317,523606
386,Scattergories,1988,2,6,30,12,10,6.177,7905,1.4,1752,120,311591
387,Kahuna,1998,2,[],35,10,10,6.643,7892,2.06,2008,106,305181
388,Just One,2018,3,7,20,8,8,7.614,7875,1.07,1222,161,267113
389,Dominion: Alchemy,2010,2,4,30,13,10,6.94,7858,2.45,1567,266,355544
390,Battleship,1931,2,[],30,8,6,4.618,7845,1.22,2195,81,279456
391,High Society,1995,3,5,22,10,10,7.016,7840,1.51,2275,137,369649
392,Jambo,2004,2,[],45,12,10,7.02,7836,2.07,2508,170,512748
393,Pirate's Cove,2002,3,5,75,8,8,6.576,7829,2.01,2491,177,588926
394,Bananagrams,2006,1,8,15,7,8,6.363,7816,1.34,1895,119,195851
395,Chinatown,1999,3,5,60,12,10,7.309,7813,2.28,2168,213,532262
396,Once Upon a Time: The Storytelling Card Game,1993,2,6,30,8,8,6.42,7794,1.38,2042,234,467443
397,Karuba,2015,2,4,35,8,6,7.205,7783,1.47,1460,202,375582
398,Shadow Hunters,2005,4,8,60,10,12,6.821,7780,1.82,1787,277,595115
399,Commands & Colors: Ancients,2006,2,[],60,12,12,7.782,7758,2.7,2619,722,1402802
400,Vikings,2007,2,4,60,10,10,7.253,7755,2.54,1843,230,523042
401,Elfenland,1998,2,6,60,10,8,6.723,7753,2.16,2058,104,368394
402,Cuba,2007,2,5,97,10,12,7.146,7750,3.27,1946,202,522223
403,La Granja,2014,1,4,105,12,12,7.69,7731,3.59,1486,331,611231
404,Cribbage,1630,2,4,30,10,8,7.044,7725,1.91,2064,240,308576
405,Navegador,2010,2,5,75,12,12,7.559,7714,3.1,1608,288,567106
406,Wizard,1984,3,6,45,10,10,6.916,7685,1.73,1726,160,332931
407,Ricochet Robots,1999,1,99,30,10,10,7.003,7670,2.43,1819,214,391090
408,Niagara,2004,3,5,37,8,8,6.502,7662,1.83,2109,85,337748
409,Heroscape Master Set: Rise of the Valkyrie,2004,2,4,90,8,8,7.428,7633,2.29,2891,529,1149893
410,Runebound (Second Edition),2005,2,6,180,12,12,6.882,7630,2.68,2115,631,906924
411,Yspahan,2006,2,4,52,8,10,7.092,7608,2.36,2106,142,415778
412,Lorenzo il Magnifico,2016,2,4,90,12,12,7.887,7578,3.29,1182,337,536414
413,Formula Dé,1997,2,10,120,10,8,6.989,7561,1.96,2164,246,548424
414,Yokohama,2016,2,4,90,14,12,7.876,7559,3.3,1430,321,613937
415,Red November,2008,1,8,90,13,10,6.316,7553,2.07,2196,228,485976
416,BANG! The Bullet!,2007,3,8,30,8,8,6.931,7551,1.84,1593,340,355628
417,Runewars,2010,2,4,210,14,14,7.646,7543,3.78,1557,949,1417875
418,The Game,2015,1,5,20,8,8,6.712,7539,1.25,1366,145,337157
419,Cockroach Poker,2004,2,6,20,8,6,6.681,7537,1.12,1656,117,298002
420,TransAmerica,2001,2,6,30,13,8,6.664,7525,1.35,2336,107,366179
421,Exit: The Game – The Abandoned Cabin,2016,1,6,90,12,12,7.597,7516,2.5,1208,93,226495
422,Mystery of the Abbey,1995,3,6,75,8,10,6.545,7513,2.2,2309,157,467133
423,Burgle Bros.,2015,1,4,67,12,10,7.575,7509,2.29,1544,561,577131
424,Rhino Hero,2011,2,5,10,5,4,6.957,7490,1.03,1443,132,268474
425,Pandemic: Iberia,2016,2,5,45,8,10,7.941,7468,2.56,1278,310,438912
426,XCOM: The Board Game,2015,1,4,90,14,12,7.07,7455,2.9,1271,563,645750
427,Blue Moon City,2006,2,4,40,14,8,7.038,7446,2.3,2240,169,471367
428,Taluva,2006,2,4,45,8,10,7.179,7435,2.27,1960,233,475413
429,Hive Pocket,2010,2,[],20,9,8,7.68,7424,2.32,1477,275,206351
430,Celestia,2015,2,6,30,8,6,7.011,7423,1.32,1266,202,321432
431,7 Wonders Duel: Pantheon,2016,2,[],37,10,10,8.038,7423,2.28,1417,225,313958
432,Trains,2012,2,4,45,12,10,7.182,7398,2.39,1682,249,525304
433,Cacao,2015,2,4,45,8,8,7.115,7391,1.82,1252,183,293699
434,Clank! In! Space!,2017,2,4,67,12,8,7.877,7377,2.5,1160,325,404134
435,Cartagena,2000,2,5,45,8,8,6.689,7349,1.61,2156,97,360186
436,Rajas of the Ganges,2017,2,4,60,12,10,7.685,7305,2.85,1113,254,374575
437,Agricola (Revised Edition),2016,1,4,75,12,12,8.054,7304,3.51,1010,388,460870
438,Broom Service,2015,2,5,52,10,10,7.205,7302,2.41,1434,174,447632
439,Ubongo,2003,1,4,25,8,6,6.712,7301,1.54,1496,84,323828
440,Carcassonne: The Castle,2003,2,[],30,8,8,7.095,7288,1.98,2242,147,395114
441,Rise of Augustus,2013,2,6,30,8,8,6.746,7281,1.63,1657,155,358897
442,Fearsome Floors,2003,2,7,60,10,8,6.661,7264,1.82,2098,128,340590
443,Dungeon Roll,2013,1,4,15,8,6,6.133,7214,1.34,1874,479,481592
444,Trivial Pursuit: Genus Edition,1981,2,24,90,12,12,5.221,7198,1.65,1866,90,301400
445,Risk Legacy,2011,3,5,60,13,10,7.448,7193,2.59,1595,681,975945
446,Eight-Minute Empire,2012,2,5,14,13,8,6.587,7187,1.62,1322,206,373800
447,A Few Acres of Snow,2011,2,[],90,14,12,7.405,7181,3.03,1886,533,972919
448,ICECOOL,2016,2,4,30,6,6,6.854,7175,1.02,1270,226,256029
449,Mage Wars Arena,2012,2,[],90,13,12,7.667,7170,3.67,1624,1232,1204988
450,Chicago Express,2007,2,6,60,12,12,7.237,7167,2.79,2227,230,543779
451,Mr. Jack Pocket,2010,2,[],15,14,8,6.918,7147,1.82,1468,164,284670
452,This War of Mine: The Board Game,2017,1,6,82,18,16,7.867,7114,3.2,1489,939,1010015
453,Fields of Arle,2014,1,2,90,13,12,8.097,7088,3.9,1397,423,797622
454,The Downfall of Pompeii,2004,2,4,45,10,8,7.136,7074,1.85,2105,198,378278
455,Flick 'em Up!,2015,2,10,37,7,6,6.987,7073,1.32,1421,240,467370
456,Onirim (Second Edition),2014,1,2,15,10,8,7.123,7050,1.58,1496,338,309302
457,Rococo,2013,2,5,90,12,12,7.586,7037,3.1,1234,288,486429
458,Dead of Winter: The Long Night,2016,2,5,90,14,14,7.689,7034,3.44,1029,436,565583
459,Pandemic: Reign of Cthulhu,2016,2,4,40,14,10,7.421,7023,2.13,1168,478,552181
460,Mille Bornes,1954,2,6,45,8,8,5.691,7009,1.25,2201,141,284204
461,Archipelago,2012,2,5,135,14,12,7.363,7008,3.73,1705,520,817651
462,Phase 10,1982,2,6,45,8,8,5.107,6994,1.3,1713,97,300148
463,Not Alone,2016,2,7,37,10,8,7.038,6988,1.95,1118,221,419248
464,Raptor,2015,2,[],25,9,8,7.36,6975,2.05,1212,234,358835
465,Civilization,1980,2,7,360,12,12,7.505,6964,3.66,2186,353,674561
466,Exploding Kittens: NSFW Deck,2015,2,5,15,18,14,6.211,6949,1.07,1121,192,152885
467,Timeline: Inventions,2010,2,8,15,8,8,6.708,6942,1.11,1173,111,277186
468,Kingdom Death: Monster,2015,1,4,120,17,18,8.72,6936,4.23,1665,2438,4078080
469,Terror in Meeple City,2013,2,4,45,8,6,6.871,6936,1.48,1748,284,401180
470,YINSH,2003,2,[],45,9,8,7.688,6921,2.71,1885,245,536892
471,Medici,1995,2,6,60,10,10,7.143,6909,2.26,2223,142,447316
472,Azul: Stained Glass of Sintra,2018,2,4,37,8,8,7.471,6909,1.97,1029,232,377764
473,Taj Mahal,2000,3,5,87,12,12,7.293,6907,2.99,2179,110,510591
474,Forbidden Stars,2015,2,4,150,14,14,7.964,6895,3.81,1317,765,1066883
475,StarCraft: The Board Game,2007,2,6,210,12,14,7.337,6887,3.83,1698,525,1216242
476,Colossal Arena,1997,2,5,50,8,10,6.777,6855,2.02,2335,84,341585
477,Deus,2014,2,4,75,14,12,7.341,6854,2.84,1346,248,529161
478,Scythe: Invaders from Afar,2016,1,7,115,14,12,8.376,6852,3.4,1111,337,324917
479,Coimbra,2018,2,4,75,14,12,7.714,6828,3.27,1077,325,548428
480,The Fox in the Forest,2017,2,[],30,10,10,7.297,6824,1.56,1317,291,311191
481,Disney Villainous,2018,2,6,50,10,10,7.081,6779,2.42,1186,383,549536
482,Queendomino,2017,2,4,25,8,10,7.295,6773,2.11,1133,283,296020
483,One Deck Dungeon,2016,1,2,37,14,10,7.126,6758,2.04,1578,546,670159
484,Spartacus: A Game of Blood & Treachery,2012,3,4,150,17,14,7.464,6748,2.71,1288,571,583730
485,Schotten Totten,1999,2,[],20,8,8,7.31,6725,1.74,1421,128,360799
486,Macao,2009,2,4,75,12,12,7.428,6725,3.14,1682,276,556580
487,The Red Dragon Inn,2007,2,4,45,13,12,6.564,6724,1.66,1538,322,597093
488,Morels,2012,2,[],30,10,10,7.013,6722,1.73,1614,314,453997
489,Sequence,1982,2,12,20,7,6,5.992,6711,1.34,1661,117,547386
490,Tiny Epic Kingdoms,2014,2,5,37,13,10,6.62,6668,2.08,1778,776,605088
491,Checkers,1150,2,[],30,6,6,4.873,6661,1.78,1777,60,157525
492,Xia: Legends of a Drift System,2014,3,5,120,12,10,7.855,6649,3.16,1608,1215,1052004
493,Underwater Cities,2018,1,4,115,12,12,8.106,6640,3.56,1096,399,594053
494,Airlines Europe,2011,2,5,75,10,10,7.317,6616,2.44,1678,208,459729
495,Animal Upon Animal,2005,2,4,15,4,3,6.829,6609,1.05,2021,128,290837
496,Carson City,2009,2,5,90,12,12,7.257,6590,3.18,1694,318,633864
497,Othello,1883,2,[],30,8,8,6.093,6585,2.1,1682,138,189822
498,Boggle,1972,1,8,10,8,10,6.203,6584,1.5,1875,82,255642
499,Finca,2009,2,4,45,10,8,7.074,6572,2.08,1643,220,388119
500,Space Hulk (Third Edition),2009,2,[],60,12,12,7.534,6565,2.79,1654,1053,1200649
501,Risk 2210 A.D.,2001,2,5,240,10,10,6.694,6549,2.72,1901,348,604335
502,The Great Dalmuti,1995,4,8,60,8,8,6.554,6536,1.3,1763,120,269204
503,Pictionary,1985,3,16,90,12,8,5.818,6522,1.24,1606,56,444410
504,Tiny Towns,2019,1,6,52,14,10,7.427,6512,2.12,1122,309,360577
505,Claustrophobia,2009,2,[],45,14,12,7.533,6489,2.48,1674,710,1054024
506,Munchkin 2: Unnatural Axe,2002,3,6,90,10,12,6.448,6485,1.8,997,147,116031
507,Dice Town,2009,2,5,45,10,8,6.858,6485,1.68,1536,175,366492
508,Among the Stars,2012,2,4,30,12,10,7.106,6462,2.24,1708,336,673372
509,Lancaster,2011,2,5,60,10,12,7.432,6413,2.99,1389,246,542165
510,Lord of the Rings: The Confrontation,2002,2,[],30,12,10,7.194,6391,2.19,2122,121,463307
511,Dixit: Quest,2010,3,6,30,8,8,7.71,6359,1.23,1328,108,232001
512,FUSE,2015,1,5,10,10,8,7.07,6342,1.67,1222,185,285719
513,Kill Doctor Lucky,1996,3,8,45,12,10,6.161,6314,1.65,1882,193,369815
514,Cottage Garden,2016,1,4,52,8,6,6.926,6287,1.88,1245,192,461207
515,Smash Up: Awesome Level 9000,2013,2,[],45,12,10,7.274,6277,2.13,826,187,186571
516,Connect Four,1974,2,[],10,6,5,4.858,6268,1.2,1722,51,209230
517,Ghost Blitz,2010,2,8,20,8,5,6.72,6262,1.14,1165,117,243713
518,Attika,2003,2,4,52,10,10,7.005,6247,2.37,2168,85,383407
519,Citadels: The Dark City,2004,2,8,60,10,10,7.031,6241,2.1,1507,143,212514
520,Tides of Time,2015,2,[],17,8,10,6.685,6241,1.6,1251,152,267173
521,Kanagawa,2016,2,4,45,10,8,7.109,6237,2.01,1042,191,356082
522,Bunny Kingdom,2017,2,4,50,12,10,7.452,6195,2.24,1097,238,404740
523,Near and Far,2017,2,4,105,13,10,7.853,6189,2.82,1344,617,722002
524,Quantum,2013,2,4,60,13,10,7.293,6165,2.44,1170,355,506195
525,London,2010,2,4,90,13,12,7.369,6156,2.88,1563,218,503964
526,Lords of Vegas,2010,2,4,75,12,12,7.328,6153,2.36,1411,224,369218
527,Terraforming Mars: Prelude,2018,1,5,105,12,12,8.806,6149,2.57,1110,222,281205
528,Cleopatra and the Society of Architects,2006,3,5,60,10,10,6.807,6147,2.29,1930,163,389892
529,Mahjong,1850,3,4,120,8,10,7.018,6119,2.57,1425,225,367230
530,Space Base,2018,2,5,60,14,10,7.548,6117,2.11,1131,259,359136
531,AquaSphere,2014,2,4,100,12,12,7.288,6111,3.68,1315,275,423228
532,Arkham Horror: Dunwich Horror Expansion,2006,1,8,240,12,14,7.81,6095,3.48,1442,304,358927
533,Summoner Wars,2009,2,4,45,9,8,7.271,6031,2.31,1192,620,936020
534,Vegas Showdown,2005,3,5,75,12,10,7.182,6004,2.36,1993,105,281357
535,Trickerion: Legends of Illusion,2015,2,4,120,14,14,7.878,5972,4.2,1254,706,713558
536,Age of War,2014,2,6,22,14,8,6.44,5943,1.11,1358,168,285751
537,Abalone Classic,1987,2,[],30,7,8,6.448,5942,2.19,1472,123,283006
538,Quoridor,1997,2,4,15,8,8,6.679,5926,1.89,1435,186,348776
539,Zombie Fluxx,2007,2,6,25,8,8,6.003,5912,1.44,1246,222,147016
540,Altiplano,2017,2,5,90,12,12,7.548,5912,3.34,1048,223,494754
541,DC Comics Deck-Building Game,2012,2,5,45,15,8,7.04,5879,2.0,1231,566,537566
542,A Game of Thrones: The Card Game,2008,2,4,90,12,14,6.865,5870,3.25,1355,540,744082
543,Citadels,2016,2,8,45,10,10,7.336,5867,1.94,863,224,327340
544,Snow Tails,2008,2,5,52,10,10,6.978,5846,2.05,1544,162,366425
545,Blueprints,2013,2,4,30,14,8,6.854,5846,1.69,1134,134,231852
546,Gizmos,2018,2,4,45,14,8,7.477,5836,1.99,877,195,256478
547,Genoa,2001,2,5,90,12,12,7.086,5827,3.09,2034,115,466824
548,Get Bit!,2007,3,6,20,7,6,6.168,5798,1.12,1394,135,250811
549,Belfort,2011,2,5,120,12,12,7.256,5761,3.05,1440,318,457631
550,Loot,1992,2,8,20,10,6,6.299,5727,1.38,1932,122,307842
551,Terraforming Mars: Hellas & Elysium,2017,1,5,105,12,12,8.386,5725,2.96,980,191,254307
552,Cryptid,2018,3,5,40,10,10,7.551,5720,2.21,911,204,302637
553,Downforce,2017,2,6,30,10,8,7.399,5714,1.77,1036,184,299950
554,Axis & Allies,2004,2,5,240,12,12,6.706,5704,3.21,1478,188,465394
555,Power Grid: Factory Manager,2009,2,5,60,12,12,6.862,5704,3.0,1293,145,399468
556,Mastermind,1971,2,[],20,8,8,5.538,5699,1.81,1506,64,172937
557,Tash-Kalar: Arena of Legends,2013,2,4,45,13,12,7.194,5669,2.84,1174,289,533181
558,The Lord of the Rings: Journeys in Middle-earth,2019,1,5,90,14,10,8.121,5666,2.52,886,1033,994526
559,T.I.M.E Stories: The Marcy Case,2015,2,4,75,12,12,7.624,5644,2.61,870,115,166947
560,Dungeon Twister,2004,2,[],60,11,12,6.838,5636,2.88,1856,193,552662
561,Lisboa,2017,1,4,90,12,14,8.176,5636,4.56,1169,568,734024
562,Reef,2018,2,4,37,8,8,7.148,5627,1.84,969,164,272918
563,Small World: Cursed!,2009,2,5,60,8,8,7.502,5623,2.24,1071,135,161035
564,Dungeons & Dragons: Wrath of Ashardalon Board Game,2011,1,5,60,12,10,7.153,5601,2.63,1242,832,878232
565,Race for the Galaxy: Rebel vs Imperium,2009,1,6,60,12,12,7.939,5600,3.07,1367,209,422197
566,Warhammer: Invasion,2009,2,[],45,13,12,7.228,5576,2.73,1138,606,748130
567,Balloon Cup,2003,2,[],30,8,10,6.691,5568,1.46,2008,93,298511
568,Spyrium,2013,2,5,75,12,12,7.093,5567,2.9,1215,153,368807
569,CV,2013,2,4,60,10,10,6.663,5563,1.85,1090,175,319033
570,The Bloody Inn,2015,1,4,45,14,12,6.974,5559,2.38,1103,239,315629
571,Res Arcana,2019,2,4,40,12,10,7.824,5549,2.61,1010,400,467179
572,Dungeon Fighter,2011,1,6,52,14,8,6.833,5547,1.75,994,227,420922
573,Parade,2007,2,6,45,12,8,6.948,5540,1.48,1316,125,256173
574,Kalah,700,2,[],10,5,6,5.899,5539,1.63,1542,96,200038
575,Mamma Mia!,1998,2,5,30,10,8,6.476,5537,1.37,1423,59,249243
576,Dominion: Cornucopia,2011,2,4,30,13,10,7.712,5521,2.4,943,202,259271
577,Dominoes,1500,2,10,30,5,5,5.47,5515,1.39,1777,99,259162
578,Skip-Bo,1967,2,6,20,8,6,5.437,5512,1.23,1206,80,227893
579,5-Minute Dungeon,2017,2,5,17,8,8,7.108,5510,1.11,1158,304,334766
580,Rattus,2010,2,4,45,10,8,6.805,5502,2.06,1252,151,326270
581,Dominion: Hinterlands,2011,2,4,30,13,10,7.98,5497,2.55,892,188,245464
582,Metro,1997,2,6,30,8,8,6.376,5473,1.69,1563,65,277662
583,Agricola: Farmers of the Moor,2009,1,5,150,12,12,8.091,5473,3.54,1581,252,510179
584,Imperial 2030,2009,2,6,150,12,14,7.695,5470,3.5,1087,299,506043
585,Onirim,2010,1,2,15,8,8,6.68,5452,1.65,1486,256,412441
586,Sorry!,1929,2,4,30,6,5,4.508,5448,1.16,1524,79,253431
587,Lord of the Rings: The Confrontation,2005,2,[],30,14,8,7.483,5447,2.2,1447,195,413375
588,Small World: Grand Dames of Small World,2009,2,5,60,8,10,7.428,5445,2.19,1121,128,165526
589,Battlestar Galactica: The Board Game – Pegasus Expansion,2009,3,7,150,13,14,7.824,5442,3.29,1246,387,482542
590,Cry Havoc,2016,2,4,90,10,12,7.252,5440,3.28,1106,331,799590
591,Tiny Epic Quest,2017,1,4,45,14,10,7.104,5439,2.67,1316,769,479266
592,Heaven & Ale,2017,2,4,75,12,12,7.6,5437,3.24,884,187,394244
593,Evolution: Climate,2016,2,6,60,12,10,7.662,5430,2.74,1183,597,441025
594,Say Anything,2008,3,8,30,13,10,6.76,5424,1.09,1359,117,369908
595,Room 25,2013,1,6,30,13,10,6.772,5412,1.92,809,209,348852
596,Marvel Dice Masters: Avengers vs. X-Men,2014,2,[],60,14,10,7.176,5406,2.29,1084,748,964602
597,Century: Golem Edition,2017,2,5,37,8,8,7.718,5399,1.64,1009,279,311414
598,Quarto,1991,2,[],20,8,8,6.868,5397,1.96,1306,141,292143
599,Killer Bunnies and the Quest for the Magic Carrot,2002,2,8,45,12,10,5.487,5396,1.88,1851,214,333550
600,Keltis,2008,2,4,30,10,8,6.422,5388,1.65,1177,86,374368
601,Rivals for Catan,2010,2,[],82,10,10,6.992,5387,2.33,1145,255,375946
602,Vast: The Crystal Caverns,2016,1,5,75,10,12,7.219,5383,3.56,1309,514,779588
603,Tsuro of the Seas,2012,2,8,30,8,6,6.563,5382,1.41,1087,185,207662
604,Blue Moon,2004,2,[],30,12,10,6.701,5381,2.17,1906,158,532776
605,BattleLore (Second Edition),2013,2,[],67,14,10,7.773,5350,2.7,1157,600,857181
606,Machi Koro: Harbor,2012,2,5,30,10,8,7.084,5346,1.67,1123,110,207820
607,Dune,1979,2,6,120,12,14,7.621,5344,3.44,1971,599,1178531
608,Steampunk Rally,2015,2,8,52,14,10,7.249,5343,2.56,1118,399,420167
609,Marvel Champions: The Card Game,2019,1,4,67,14,12,8.291,5325,2.75,820,874,946335
610,Manila,2005,3,5,60,10,10,6.996,5321,2.03,1404,129,324785
611,Specter Ops,2015,2,5,90,13,10,7.254,5312,2.39,1013,306,450995
612,Dungeons & Dragons: The Legend of Drizzt Board Game,2011,1,5,60,12,10,7.263,5310,2.61,1108,762,759774
613,Star Realms: Colony Wars,2015,2,[],20,12,8,7.875,5296,1.94,813,173,169479
614,Detective: A Modern Crime Board Game,2018,1,5,150,16,16,7.995,5296,2.72,1030,495,547752
615,Louis XIV,2005,2,4,87,12,12,7.074,5283,3.01,1740,82,361172
616,Steam Park,2013,2,4,60,10,10,6.895,5283,2.1,1074,161,305720
617,The Castles of Burgundy: The Card Game,2016,1,4,45,12,10,7.061,5271,2.55,1223,145,341930
618,Automobile,2009,3,5,120,12,12,7.335,5267,3.53,1446,218,504676
619,Junta,1978,2,7,240,16,14,6.701,5252,2.86,1593,206,448813
620,San Juan (Second Edition),2014,2,4,52,10,10,7.529,5242,2.08,995,157,232708
621,Kanban: Driver's Edition,2014,2,4,105,12,14,7.853,5241,4.34,1081,340,619392
622,Dominion: Dark Ages,2012,2,4,30,13,10,8.034,5236,2.73,943,211,281405
623,Amerigo,2013,2,4,90,10,12,7.473,5232,3.0,1201,206,447568
624,Epic Spell Wars of the Battle Wizards: Duel at Mt. Skullzfyre,2012,2,6,30,15,14,6.543,5225,1.58,985,328,329505
625,World of Warcraft: The Boardgame,2005,2,6,180,12,12,6.66,5198,3.5,1432,359,1033934
626,Small World: Be Not Afraid...,2010,2,5,60,8,8,7.624,5167,2.3,977,146,206019
627,Chrononauts,2000,1,6,30,11,10,6.205,5158,1.84,1531,197,250219
628,Pulsar 2849,2017,2,4,75,14,12,7.749,5156,3.3,835,198,417608
629,Combat Commander: Europe,2006,2,[],120,12,12,7.94,5152,3.24,1810,786,1311992
630,The Big Book of Madness,2015,2,5,75,12,12,6.989,5151,2.72,1025,234,417023
631,Star Wars: The Card Game,2012,2,[],45,10,12,7.22,5147,2.96,1151,762,901241
632,Blood Bowl (Third Edition),1994,2,[],180,12,12,7.54,5127,2.98,1145,340,399612
633,Defenders of the Realm,2010,1,4,90,13,10,7.313,5115,2.71,1458,598,928606
634,Balderdash,1984,2,6,60,12,12,6.439,5101,1.42,1470,90,388711
635,NMBR 9,2017,1,4,20,8,8,6.939,5096,1.19,892,83,165277
636,Eldritch Horror: Forsaken Lore,2014,1,8,180,14,14,8.288,5093,3.16,904,270,242979
637,Adrenaline,2016,3,5,45,12,10,7.101,5087,2.29,1033,191,406936
638,New York 1901,2015,2,4,45,8,8,6.859,5081,2.05,1048,251,370704
639,Carcassonne: Expansion 4 – The Tower,2006,2,6,60,8,8,6.566,5072,2.16,1291,92,210393
640,The Godfather: Corleone's Empire,2017,2,5,75,14,12,7.577,5062,2.59,852,283,428319
641,Loony Quest,2015,2,5,25,8,6,6.977,5017,1.19,792,79,174353
642,Gùgōng,2018,1,5,75,12,12,7.541,5010,3.06,1036,283,531369
643,Die Macher,1986,3,5,240,14,14,7.628,5005,4.34,1949,208,812322
644,La Città,2000,2,5,120,12,12,7.048,4994,3.28,1651,60,318919
645,Egizia,2009,2,4,90,12,10,7.436,4991,2.83,1076,159,357758
646,Pass the Pigs,1977,2,10,30,8,6,5.359,4989,1.06,1514,79,253500
647,Doom: The Boardgame,2004,2,4,180,12,12,6.857,4981,2.91,1693,326,804467
648,Clash of Cultures,2012,2,4,210,14,14,7.631,4980,3.6,1278,442,871273
649,Talisman,1983,2,6,240,9,10,6.362,4978,2.18,1669,234,350049
650,Dream Factory,2000,2,5,60,10,10,7.059,4954,2.11,1873,85,367827
651,Endeavor: Age of Sail,2018,2,5,75,13,12,8.059,4952,2.81,1491,518,443771
652,Western Legends,2018,2,6,75,14,10,7.686,4940,2.75,1086,791,740929
653,Yamataï,2017,2,4,60,13,10,7.246,4937,2.9,867,202,468815
654,7 Wonders: Wonder Pack,2013,2,7,30,10,10,7.597,4928,2.28,986,119,237077
655,The Starfarers of Catan,1999,3,4,120,12,10,6.811,4908,2.58,1470,121,310992
656,Stockpile,2015,2,5,45,13,10,7.54,4904,2.1,1011,211,332449
657,Reef Encounter,2004,2,4,90,10,12,7.139,4894,3.68,1898,111,394571
658,Winner's Circle,2001,2,6,52,10,8,6.979,4892,1.61,1725,78,329129
659,Blokus Duo,2005,2,[],15,5,5,6.847,4879,1.7,1496,56,154681
660,Railroad Ink: Deep Blue Edition,2018,1,6,25,8,8,7.303,4878,1.54,704,175,194984
661,Lords of Xidit,2014,3,5,90,14,10,7.158,4873,2.62,882,170,315196
662,Hansa,2004,2,4,60,10,10,6.88,4864,2.35,1718,77,317479
663,Dream Home,2016,2,4,30,7,6,6.935,4864,1.67,868,164,266233
664,Ticket to Ride Map Collection: Volume 1 – Team Asia & Legendary Asia,2011,2,6,45,8,8,7.7,4861,1.97,1032,129,204691
665,Myrmes,2012,2,4,90,13,12,7.291,4854,3.44,970,219,384543
666,Ticket to Ride Map Collection: Volume 2 – India & Switzerland,2011,2,4,45,8,8,7.8,4847,2.01,1015,113,174609
667,Exit: The Game – The Secret Lab,2016,1,6,97,12,12,7.173,4843,2.59,788,53,283615
668,Viceroy,2014,1,4,52,13,10,6.85,4823,2.65,1179,285,348349
669,Munchkin Cthulhu,2007,3,6,90,10,12,6.218,4819,1.71,781,233,145037
670,Ticket to Ride: 10th Anniversary,2014,2,5,45,8,8,8.28,4819,1.91,891,284,219508
671,Hoity Toity,1990,2,6,45,12,8,6.526,4816,1.87,1862,58,278343
672,Time's Up!,1999,4,18,90,12,12,7.295,4811,1.21,1086,76,446461
673,Ashes: Rise of the Phoenixborn,2015,2,4,75,14,10,7.314,4799,2.91,1014,546,655162
674,Love Letter: Batman,2015,2,4,20,10,8,7.282,4792,1.19,824,133,172489
675,Maharaja: The Game of Palace Building in India,2004,2,5,90,12,12,7.134,4791,3.17,1522,77,329722
676,Clans,2002,2,4,30,10,10,6.559,4778,2.03,1599,57,244682
677,Catan Dice Game,2007,1,4,15,7,8,5.696,4775,1.24,1292,77,212953
678,Ikusa,1986,2,5,300,12,12,7.027,4765,2.95,1752,315,596610
679,Caylus Magna Carta,2007,2,4,60,10,10,6.926,4752,2.87,1578,67,339787
680,Illuminati (Second Edition),1987,2,8,120,12,12,6.493,4742,2.65,1322,259,324299
681,Santiago,2003,3,5,75,10,10,7.119,4732,2.49,1542,81,265558
682,Star Fluxx,2011,2,6,25,8,8,6.362,4726,1.44,786,226,93647
683,Tajemnicze Domostwo,2013,2,7,45,8,8,7.21,4721,1.86,858,258,482744
684,Manhattan,1994,2,4,45,10,8,6.727,4720,1.92,1310,74,266503
685,Mexica,2002,2,4,90,10,10,7.228,4717,2.7,1375,116,347846
686,Junk Art,2016,2,6,30,8,6,7.463,4698,1.24,828,111,256494
687,Munchkin 3: Clerical Errors,2003,3,6,90,10,12,6.463,4697,1.87,666,112,81991
688,Ginkgopolis,2012,1,5,45,13,12,7.427,4695,2.91,1019,240,387277
689,Lords of Hellas,2018,1,4,75,14,12,7.915,4689,3.32,1029,1114,822986
690,The Networks,2016,1,5,75,13,10,7.229,4688,2.56,1036,241,325017
691,Black Fleet,2014,3,4,60,14,8,7.027,4687,1.95,1086,212,399368
692,Hannibal: Rome vs. Carthage,1996,2,[],120,12,14,7.806,4686,3.44,1802,374,1164300
693,Cutthroat Caverns,2007,3,6,90,12,10,6.555,4686,2.08,1356,195,401503
694,Wasabi!,2008,2,4,37,10,8,6.543,4683,1.9,1364,138,269362
695,Legendary: A Marvel Deck Building Game – Dark City,2013,1,5,45,14,10,8.289,4672,2.64,787,386,413370
696,Warhammer Quest: The Adventure Card Game,2015,1,4,45,14,12,7.397,4663,2.72,935,603,790954
697,Diamonds,2014,2,6,25,8,6,6.948,4662,1.55,1056,104,182654
698,La Isla,2014,2,4,45,10,8,6.896,4649,2.26,1058,108,270986
699,Exit: The Game – The Pharaoh's Tomb,2016,1,6,67,12,12,7.269,4633,2.78,780,42,100819
700,Felicity: The Cat in the Sack,2007,3,5,20,8,8,6.584,4624,1.39,1233,67,173501
701,Monty Python Fluxx,2008,2,6,40,13,10,6.067,4619,1.35,1004,158,111586
702,The Speicherstadt,2010,2,5,45,8,10,7.043,4618,2.27,1169,157,279790
703,Century: Eastern Wonders,2018,2,4,37,8,8,7.259,4612,2.12,806,168,273744
704,Fabled Fruit,2016,2,5,25,8,8,7.059,4573,1.58,914,115,260986
705,Terraforming Mars: Venus Next,2017,1,5,105,12,12,7.643,4570,2.91,848,147,268572
706,Kingdoms,1994,2,4,45,9,8,6.638,4569,1.82,1481,78,350584
707,Dragon Castle,2017,2,4,37,8,8,7.257,4569,2.0,755,192,308798
708,Wings of War: Famous Aces,2004,2,4,30,10,8,6.858,4568,1.74,1448,180,451460
709,The Adventurers: The Temple of Chac,2009,2,6,45,10,8,6.597,4550,1.66,1474,223,446939
710,Gears of War: The Board Game,2011,1,4,120,14,12,7.469,4544,2.89,1144,605,694935
711,Twilight Imperium (Third Edition): Shattered Empire,2006,3,8,240,12,14,8.6,4543,4.2,1138,310,430610
712,Nations: The Dice Game,2014,1,4,30,14,10,6.976,4542,2.01,943,147,309639
713,Fallout,2017,1,4,150,14,12,6.953,4534,3.01,937,586,860298
714,Antike,2005,2,6,120,12,12,7.09,4528,2.99,1519,128,388262
715,Thunderstone Advance: Towers of Ruin,2012,1,5,45,12,12,7.388,4516,2.74,988,420,506310
716,KLASK,2014,2,[],10,8,6,7.642,4502,1.05,727,137,346337
717,Star Munchkin,2002,3,6,90,10,12,6.117,4496,1.74,871,157,115565
718,Ticket to Ride: Switzerland,2007,2,3,45,8,8,7.51,4496,1.96,1305,91,211087
719,Wiz-War (eighth edition),2012,2,4,45,14,12,7.069,4496,2.32,1009,318,434894
720,Too Many Bones,2017,1,4,90,12,12,8.462,4490,3.83,1015,1614,1273149
721,Scoville,2014,2,6,75,13,10,7.166,4483,2.79,925,264,277815
722,Santa Maria,2017,1,4,67,12,12,7.57,4481,3.03,757,156,301952
723,Kodama: The Tree Spirits,2016,2,5,30,14,8,6.773,4479,1.68,956,378,246719
724,One Night Ultimate Werewolf Daybreak,2015,3,7,10,8,8,7.399,4478,1.43,782,152,272335
725,Primordial Soup,1997,3,4,90,12,12,6.949,4475,2.73,1427,81,280154
726,Paladins of the West Kingdom,2019,1,4,105,12,14,8.107,4474,3.59,890,520,407342
727,World Without End,2009,2,4,105,12,12,7.269,4470,2.82,910,155,317462
728,Majesty: For the Realm,2017,2,4,30,7,8,7.025,4470,1.73,710,123,229365
729,The Magic Labyrinth,2009,2,4,25,6,4,6.842,4440,1.24,1038,111,324306
730,Runebound (Third Edition),2015,2,4,150,14,12,7.529,4440,2.67,841,494,709846
731,51st State: Master Set,2016,1,4,75,14,12,7.666,4439,2.94,895,308,381536
732,1830: Railways & Robber Barons,1986,2,7,270,14,14,7.882,4424,4.16,1510,301,707079
733,Mint Works,2017,1,4,15,13,8,7.077,4404,1.66,1069,245,232960
734,First Class: All Aboard the Orient Express!,2016,2,4,60,10,10,7.492,4403,2.78,783,142,278472
735,Bruxelles 1893,2013,2,5,87,13,14,7.645,4396,3.59,913,206,329651
736,Ticket to Ride: Europa 1912,2009,2,5,45,8,8,7.647,4395,1.94,1008,125,196754
737,Roma,2005,2,[],45,8,10,6.775,4379,2.01,1408,81,311938
738,Carcassonne: Expansion 5 – Abbey & Mayor,2007,2,6,30,8,8,7.123,4379,2.01,1020,114,201148
739,Pandemic: In the Lab,2013,1,6,52,8,10,7.913,4377,2.86,913,253,376841
740,T.I.M.E Stories: A Prophecy of Dragons,2016,2,4,135,12,10,7.68,4370,2.65,712,104,185250
741,Tyrants of the Underdark,2016,2,4,60,14,12,7.903,4365,2.56,743,310,442929
742,The Manhattan Project: Energy Empire,2016,1,5,90,13,12,7.796,4356,3.0,875,523,373545
743,Fog of Love,2017,2,[],90,17,16,7.058,4331,2.27,1059,284,426816
744,Tribune: Primus Inter Pares,2007,2,5,90,12,12,7.236,4329,2.88,1155,121,305464
745,Paths of Glory,1999,2,[],480,14,14,8.054,4325,3.83,1596,501,1133041
746,Harbour,2015,1,4,45,10,8,6.553,4323,2.08,1148,245,322002
747,Evo,2001,3,5,90,12,8,6.869,4322,2.34,1262,69,316369
748,A Touch of Evil: The Supernatural Game,2008,2,8,90,12,12,6.965,4319,2.56,1198,526,737037
749,Coup: Reformation,2013,2,10,15,10,12,7.277,4311,1.55,1030,142,332744
750,Star Wars: Armada,2015,2,[],120,14,12,7.875,4309,3.15,815,700,861171
751,Vinhos,2010,2,4,97,12,14,7.493,4308,4.21,974,275,554947
752,King of Tokyo: Halloween,2013,2,6,30,8,8,7.228,4302,1.7,852,154,168240
753,History of the World,1991,3,6,202,12,10,7.125,4301,2.78,1565,177,421473
754,Ave Caesar,1989,2,6,30,12,8,6.626,4301,1.36,1479,83,267544
755,Fleet,2012,2,4,37,10,10,6.94,4294,2.24,1273,240,396306
756,Snowdonia,2012,1,5,60,10,12,7.403,4292,3.0,1191,281,542547
757,Chez Geek,1999,2,5,60,13,16,5.722,4290,1.42,1145,104,145000
758,Caverna: Cave vs Cave,2017,1,2,30,10,10,7.225,4288,2.57,731,112,264194
759,Francis Drake,2013,3,5,105,14,12,7.44,4281,2.93,1002,236,386309
760,Saboteur 2 (expansion-only editions),2011,2,12,45,8,8,6.982,4280,1.52,887,141,288388
761,Ex Libris,2017,1,4,45,10,10,7.221,4276,2.56,812,214,356060
762,China,2005,3,5,45,12,10,7.002,4275,2.29,1581,71,272001
763,Eight-Minute Empire: Legends,2013,2,4,24,13,8,6.987,4269,1.98,961,165,248332
764,DVONN,2001,2,[],30,9,10,7.446,4267,2.67,1334,147,279785
765,Werewolf,1986,8,24,60,8,8,6.549,4254,1.39,1617,130,754768
766,Viticulture: Tuscany Essential Edition,2016,1,6,105,14,14,8.655,4248,3.32,814,193,214845
767,Container,2007,3,5,75,12,12,7.149,4239,3.25,1385,190,488417
768,Dice City,2015,1,4,52,14,8,6.798,4237,2.04,886,144,282889
769,Luna,2010,1,4,80,12,12,7.342,4220,3.33,1042,166,405823
770,Cthulhu Wars,2015,2,4,105,14,12,7.932,4216,3.13,930,1198,1488816
771,Star Wars: Destiny,2016,2,[],30,10,8,7.58,4216,2.26,710,363,602966
772,Unlock!: Escape Adventures,2017,2,6,60,10,12,7.479,4208,2.25,678,113,398973
773,Starship Catan,2001,2,[],60,12,10,6.842,4203,2.47,1252,81,235860
774,Domaine,2003,2,4,60,12,12,7.007,4202,2.72,1288,65,301305
775,Hare & Tortoise,1973,2,6,45,8,8,6.64,4193,1.94,1323,43,225633
776,Caesar & Cleopatra,1997,2,[],60,10,10,6.422,4191,1.91,1322,28,184573
777,Guess Who?,1979,2,[],20,6,4–1,4.789,4188,1.12,1193,45,310753
778,Risk: The Lord of the Rings,2002,2,4,120,9,8,5.883,4188,2.28,1098,81,344736
779,Vasco da Gama,2009,2,4,90,12,12,7.259,4187,3.23,985,152,397598
780,Discoveries: The Journals of Lewis and Clark,2015,2,4,60,14,10,7.109,4179,2.37,866,146,277022
781,Hyperborea,2014,2,6,100,14,12,7.227,4163,3.18,895,301,540654
782,Carcassonne: The River II,2005,2,6,60,8,8,7.174,4152,1.71,1096,62,155077
783,BANG! Dodge City,2004,3,8,30,10,10,6.864,4149,1.66,1120,62,186599
784,San Marco,2001,3,4,90,10,12,7.177,4146,2.68,1388,75,276465
785,Union Pacific,1999,2,6,90,12,10,7.217,4134,2.55,1248,78,277575
786,Carcassonne: The City,2004,2,4,37,8,10,7.205,4133,2.26,1277,103,322989
787,Dead Man's Draw,2015,2,4,12,13,8,6.866,4128,1.37,930,165,197565
788,Samurai Spirit,2014,1,7,30,9,10,6.695,4125,2.15,888,184,307437
789,Puerto Rico (with two expansions),2011,2,5,120,13,12,8.491,4122,3.27,881,284,376179
790,Pachisi,400,2,6,30,5,5,4.489,4119,1.2,1406,41,211707
791,Rune Age,2011,2,4,40,14,12,6.808,4113,2.29,947,292,417902
792,Coal Baron,2013,2,4,67,10,10,7.301,4105,2.56,874,139,255104
793,Kingsburg: To Forge a Realm,2009,2,5,90,13,10,7.879,4100,2.46,1196,123,211550
794,Rex: Final Days of an Empire,2012,3,6,150,14,14,7.103,4083,3.27,1006,344,600163
795,"Labyrinth: The War on Terror, 2001 – ?",2010,1,2,180,12,16,7.588,4080,3.63,1245,569,837025
796,Scythe: The Wind Gambit,2017,1,7,105,14,12,7.963,4073,3.36,766,238,250459
797,Dixit: Journey,2012,3,6,30,8,10,7.431,4051,1.26,706,87,196427
798,Santiago de Cuba,2011,2,4,57,10,10,6.926,4050,2.15,717,125,202009
799,Mission: Red Planet,2005,3,5,60,10,10,6.923,4043,2.32,1289,111,377126
800,Zombicide Season 2: Prison Outbreak,2013,1,6,60,13,12,7.409,4043,2.7,623,399,300780
801,Epic Card Game,2015,2,4,30,13,8,6.514,4042,2.52,1190,431,502524
802,Arkham Horror: The King in Yellow Expansion,2007,1,8,240,12,12,7.622,4039,3.19,894,189,199085
803,Arkadia,2006,2,4,52,10,10,6.922,4028,2.57,1356,60,267115
804,Two Rooms and a Boom,2013,6,30,13,8,12,7.025,4025,1.43,967,439,514362
805,Alhambra: Big Box,2009,2,6,60,8,10,7.521,4019,2.35,1016,171,228308
806,Revolution!,2009,3,4,60,13,10,6.733,4015,2.05,1052,175,284390
807,Hawaii,2011,2,5,90,13,10,7.175,4006,2.91,908,142,292554
808,Ticket to Ride Map Collection: Volume 5 – United Kingdom & Pennsylvania,2015,2,5,52,8,10,8.02,3974,2.28,832,112,189903
809,Cartographers: A Roll Player Tale,2019,1,100,37,10,8,7.722,3972,1.9,682,216,205239
810,The Lost Expedition,2017,1,5,40,14,10,7.106,3970,1.83,888,237,349777
811,Hacienda,2005,2,5,75,10,10,6.945,3964,2.63,1215,65,255322
812,Honshū,2016,2,5,30,8,8,7.008,3960,1.96,750,218,205016
813,Britannia,1986,3,5,240,12,14,7.208,3957,3.17,1471,210,483731
814,Sekigahara: The Unification of Japan,2011,2,[],180,14,12,8.063,3956,2.76,1139,355,698910
815,Timeline: Events,2011,2,8,15,8,10,6.782,3952,1.11,614,59,102319
816,Metropolys,2008,2,4,45,8,8,7.03,3943,2.21,1152,82,246750
817,Valley of the Kings,2014,2,4,45,14,12,7.073,3941,2.19,946,128,263789
818,Villa Paletti,2001,2,4,30,8,6,6.461,3932,1.16,1164,34,202457
819,Chinese Checkers,1893,2,6,30,7,6,5.121,3920,1.59,1094,49,124114
820,Catan: Traders & Barbarians,2007,2,4,60,10,10,6.988,3901,2.58,878,138,288493
821,A Fake Artist Goes to New York,2012,5,10,20,8,8,7.18,3890,1.17,788,120,243394
822,Family Business,1982,2,6,30,8,8,6.078,3887,1.32,1278,92,226171
823,A Game of Thrones: The Card Game (Second Edition),2015,2,4,90,14,14,7.611,3887,3.52,743,400,502211
824,Vinci,1999,3,6,90,14,12,7.097,3885,2.78,1316,77,346612
825,Middle-Earth Quest,2009,2,4,180,13,12,7.376,3853,3.55,1122,430,734188
826,The Oracle of Delphi,2016,2,4,85,12,10,7.308,3853,3.02,771,130,323028
827,The Republic of Rome,1990,1,6,300,14,16,7.535,3850,4.33,1298,413,780274
828,Indonesia,2005,2,5,210,14,14,7.854,3850,3.99,1201,233,602048
829,Cold War: CIA vs KGB,2007,2,[],45,12,10,6.643,3850,1.86,1214,135,276149
830,Core Worlds,2011,2,5,90,10,12,7.192,3848,2.9,1155,269,503008
831,Linko!,2014,2,5,20,10,8,7.011,3846,1.4,830,83,166465
832,Joking Hazard,2016,3,10,60,18,16,6.439,3846,1.06,794,97,148524
833,Fauna,2008,2,6,52,8,8,7.039,3843,1.48,761,80,226350
834,Nippon,2015,2,4,90,12,14,7.713,3837,3.77,661,186,355707
835,Legacy: The Testament of Duke de Crecy,2013,1,4,60,8,12,7.177,3835,2.71,874,183,288024
836,Ticket to Ride: The Card Game,2008,2,4,30,8,8,6.148,3830,1.87,1070,58,181545
837,Wyatt Earp,2001,2,4,37,8,10,6.853,3819,1.84,1348,58,246461
838,Titan,1980,2,6,135,12,12,6.965,3812,3.46,1520,222,611280
839,Cosmic Encounter,1977,2,6,90,12,10,6.91,3811,2.37,1648,109,431244
840,Mykerinos,2006,2,4,45,10,10,6.858,3806,2.56,1285,51,228954
841,The Palaces of Carrara,2012,2,4,60,10,10,7.204,3793,2.62,896,133,281563
842,Tragedy Looper,2011,2,4,120,13,14,7.248,3793,3.54,950,228,434347
843,Catan: Seafarers – 5-6 Player Extension,1999,5,6,120,10,8,6.988,3792,2.42,859,52,91743
844,To Court the King,2006,2,5,45,10,10,6.457,3791,1.73,1313,59,220363
845,Guildhall,2012,2,4,37,10,10,6.946,3791,2.07,910,104,233863
846,Haggis,2010,2,3,45,13,10,6.979,3786,2.12,1218,152,352376
847,Bausack,1987,2,8,30,7,6,6.83,3782,1.3,1320,84,260105
848,ZÈRTZ,1999,2,[],45,9,8,7.307,3781,2.72,1244,102,234154
849,Blokus 3D,2003,2,4,17,7,6,6.802,3761,1.75,1324,49,193358
850,Carcassonne: King & Scout,2003,2,5,45,8,8,6.589,3759,1.8,1284,42,167921
851,Mississippi Queen,1997,3,5,45,10,8,6.35,3758,1.69,1189,52,202839
852,Warrior Knights,2006,2,6,180,12,14,6.863,3756,3.51,1117,185,555280
853,Nightfall,2011,2,5,45,12,12,6.508,3754,2.64,1055,298,447853
854,The Taverns of Tiefenthal,2019,2,4,60,12,10,7.648,3746,2.63,591,255,291954
855,Hammer of the Scots,2002,2,[],150,12,12,7.551,3738,2.98,1526,196,586332
856,Tinners' Trail,2008,3,4,75,13,12,7.279,3732,2.83,1022,81,253163
857,Tumblin-Dice,2004,2,4,45,13,6,7.177,3721,1.05,1020,83,248296
858,Black Stories,2004,2,15,20,12,12,6.07,3714,1.28,655,61,295026
859,Love Letter Premium,2016,2,8,25,8,8,7.49,3712,1.3,651,112,204740
860,Babel,2000,2,[],52,12,12,6.678,3709,2.4,1172,56,266006
861,Nuns on the Run,2010,2,8,45,10,10,6.517,3709,2.07,1019,142,285557
862,Star Wars: Outer Rim,2019,1,4,150,14,10,7.783,3708,2.45,669,497,473388
863,Friday the 13th,2005,3,6,30,8,8,6.444,3703,1.2,1282,49,207889
864,Turn the Tide,1997,3,5,30,10,10,6.798,3697,1.53,1040,50,168822
865,Candy Land,1949,2,4,30,3,3–,3.188,3696,1.08,1404,33,293525
866,Conan,2016,2,5,90,14,12,7.752,3694,2.76,946,1095,1260952
867,The Builders: Middle Ages,2013,2,4,30,10,10,6.51,3689,1.79,695,101,172188
868,Tide of Iron,2007,2,4,120,12,12,7.218,3686,3.47,1165,374,927291
869,Struggle of Empires,2004,2,7,210,13,14,7.492,3665,3.59,1411,171,585452
870,Happy Salmon,2016,3,6,2,6,5,6.796,3658,1.12,795,66,137359
871,Android,2008,3,5,180,13,14,6.737,3656,3.97,1336,345,613599
872,Madeira,2013,2,4,105,12,14,7.638,3642,4.28,867,247,524106
873,Yggdrasil,2011,1,6,90,13,10,7.065,3639,2.59,861,249,453303
874,Carpe Diem,2018,2,4,60,10,10,7.583,3639,2.53,745,129,289147
875,Ultimate Werewolf: Ultimate Edition,2008,5,68,60,8,8,7.037,3631,1.5,796,213,500414
876,Shear Panic,2005,2,4,45,10,10,6.372,3629,2.22,1236,58,185267
877,Lost Cities: The Board Game,2008,2,4,45,8,6,6.804,3624,1.73,869,98,284205
878,Rialto,2013,2,5,45,10,10,6.919,3624,2.54,827,113,302406
879,Freedom: The Underground Railroad,2012,1,4,90,13,12,7.595,3614,2.92,1017,247,388229
880,The Duke,2013,2,[],30,13,12,7.417,3606,2.51,862,278,340098
881,Meeple Circus,2017,2,5,45,8,8,7.13,3602,1.42,577,104,196797
882,Scythe: The Rise of Fenris,2018,1,5,112,12,12,8.807,3599,3.23,689,439,373868
883,CO₂,2012,1,5,120,12,12,7.177,3598,3.87,920,243,524091
884,Millennium Blades,2016,2,5,100,12,12,7.755,3595,3.65,824,910,569172
885,Marvel Dice Masters: Uncanny X-Men,2014,2,[],60,14,10,7.233,3593,2.37,663,253,227623
886,Odin's Ravens,2002,2,[],30,10,8,6.658,3592,1.68,1357,57,280571
887,Hostage Negotiator,2015,1,[],20,13,14,6.957,3590,1.99,906,333,315852
888,Valeria: Card Kingdoms,2016,1,5,37,13,8,7.463,3590,1.98,796,416,336451
889,Antiquity,2004,2,4,150,14,14,7.902,3589,4.32,1222,257,710816
890,Twister,1966,2,4,10,6,6–1,4.546,3587,1.08,890,17,132330
891,Shipyard,2009,2,4,120,11,12,7.367,3587,3.51,975,133,365466
892,Munchkin Quest,2008,2,4,180,12,12,5.881,3585,2.51,747,256,280386
893,The Grimm Forest,2018,2,4,52,14,8,7.191,3583,1.87,795,443,305078
894,Shakespeare,2015,1,4,55,13,12,7.455,3582,3.01,732,198,238148
895,Witch's Brew,2008,3,5,45,9,10,7.026,3580,1.87,983,95,279580
896,Hearts,1850,3,7,30,8,10,6.434,3579,1.78,814,54,84899
897,Space Hulk,1989,2,4,45,12,10,7.465,3577,2.51,967,297,621682
898,Massive Darkness,2017,1,6,120,14,10,7.306,3577,2.55,965,745,1413378
899,Timeline: Diversity,2012,2,8,15,8,10,6.797,3574,1.07,578,43,82249
